uid;type;request
2ec2f3dc;GET;/v1/instruments/RIZ5@RTSX/orderbook
1ebb3c68;GET;/v1/instruments/ROSN@MISX/quotes/latest
d9c5a7c5;GET;/v1/accounts/ORDERR01/orders
55fe82eb;GET;/v1/instruments/ROSN@MISX/orderbook
68012c5a;GET;/v1/instruments/SiZ5@RTSX/bars
8b47b47a;GET;/v1/assets
f52e73ae;GET;/v1/assets/LKOH@MISX/options
bb67421d;GET;/v1/instruments/LKOH@MISX/bars
e4d8c956;GET;/v1/accounts/ORDERR01/orders
58f2bb7f;GET;/v1/accounts/ORDERR01/orders
9a573132;GET;/v1/accounts/ORDERR01/orders
2f2534ba;GET;/v1/accounts/ORDERR01/orders/ORD098765
eaf4ff3a;GET;/v1/instruments/AAPL@XNGS/quotes/latest
9aaff5b7;GET;/v1/accounts/ORDERR01/transactions
7803510d;GET;/v1/accounts/ACC-001-A
55de579c;POST;/v1/sessions/details
1737518c;GET;/v1/exchanges
344ba99e;GET;/v1/instruments/SBER@MISX/bars
f0fa525b;GET;/v1/instruments/GAZP@MISX/trades/latest
4439c9f7;GET;/v1/assets
0ae170e2;GET;/v1/assets
348f561b;GET;/v1/assets
3d8fb73a;GET;/v1/assets
79394fb5;GET;/v1/assets
52c950c3;GET;/v1/assets
b716dcb3;GET;/v1/assets
4bb44574;GET;/v1/assets
72fee7f5;GET;/v1/assets
b2d1f5f3;GET;/v1/assets
54226450;GET;/v1/assets
19c2fdf6;GET;/v1/assets
f2188934;GET;/v1/assets/TATN@MOEX/params
f33706ac;GET;/v1/assets/ALRS@MOEX/params
d603f6eb;GET;/v1/accounts/A12345/trades
b87ce810;GET;/v1/accounts/A12345/trades
4ee7f891;GET;/v1/accounts/A12345/trades
b5b894ea;GET;/v1/instruments/SiZ5@RTSX/trades/latest
780c3540;GET;/v1/instruments/SiZ5@RTSX/trades/latest
fcb43735;GET;/v1/instruments/ROSN@MISX/orderbook
59945208;GET;/v1/assets/SNGS@MOEX/options
4043971a;GET;/v1/assets/LKOH@MOEX/options
990b1bdd;POST;/v1/sessions/details
87d296b3;GET;/v1/accounts/FIN-203-B/trades
5f6cc288;GET;/v1/assets/RUAL@MISX/schedule
6007f24f;GET;/v1/assets
aacdce6f;GET;/v1/accounts/TRQD05:600979
d4ece9ae;GET;/v1/assets/MSFT@XNGS/params
02a44635;GET;/v1/accounts/TRQD05:600979/trades
29e42f5c;GET;/v1/assets/AMZN@XNAS/params
bf1a9c03;GET;/v1/instruments/RI@RTS/bars
b5ece83d;GET;/v1/instruments/VTBR@MISX/trades/latest
09db9fa9;GET;/v1/accounts/TRQD05:600979
03504aa4;GET;/v1/accounts/TRQD05:600979/trades
4243cb12;GET;/v1/instruments/USDRUB@_NPRO/bars
730e98b5;GET;/v1/instruments/GAZP@MISX/bars
2f9ee060;GET;/v1/accounts/FIN-203-B
1f4a7df3;GET;/v1/accounts/TRQD05:600979
658fbb91;GET;/v1/accounts/TRQD05:600979/orders/ORD667788
14af2851;GET;/v1/instruments/LKOH@MISX/quotes/latest
8ee6ae05;GET;/v1/assets/ROSN@MISX/
6dd90b76;POST;/v1/sessions/details
1bde7410;GET;/v1/accounts/TRQD05:600979/orders
ae887b10;GET;/v1/assets
4e8c3b61;GET;/v1/instruments/SNGS@MISX/trades/latest
cc5c80da;GET;/v1/accounts/FIN-203-B
5e608e5d;GET;/v1/accounts/FIN-203-B
b242f24a;GET;/v1/accounts/TRQD05:600979/transactions
930208e9;GET;/v1/exchanges
ab128a5c;GET;/v1/accounts/TRQD05:600979
6f2eb3d2;GET;/v1/instruments/SiZ5@RTSX/orderbook
ce32889f;GET;/v1/instruments/ROSN@MISX/bars
d4724bdc;GET;/v1/instruments/ROSN@MISX/bars
a43bed07;GET;/v1/instruments/ROSN@MISX/bars
192d0519;GET;/v1/instruments/ROSN@MISX/bars
39c4c68c;GET;/v1/instruments/ROSN@MISX/bars
ddf34b0f;GET;/v1/instruments/ROSN@MISX/bars
af2d2b12;GET;/v1/accounts/ACC-001-A
ac5224b1;GET;/v1/accounts/FIN-203-B
07752fe1;GET;/v1/accounts/FIN-203-B
ed7fea29;GET;/v1/exchanges
81b32b07;GET;/v1/exchanges
45881474;GET;/v1/assets/MSFT@XNGS/schedule
333f0f03;GET;/v1/instruments/GAZP@MISX/orderbook
a9af8de0;GET;/v1/instruments/GAZP@MISX/bars
4f202e8f;GET;/v1/instruments/GMKN@MISX/bars
1c10b6a1;GET;/v1/instruments/GMKN@MISX/bars
834d3ee8;GET;/v1/accounts/ACC-001-A/orders
c95c21dc;GET;/v1/accounts/ACC-001-A
4b785a00;GET;/v1/assets
3f7f1331;GET;/v1/accounts/ACC-001-A
6f3f996a;GET;/v1/assets/AFLT@MISX/schedule
dcf9ac7f;GET;/v1/accounts/TRQD05:600979/transactions
aba7c8d9;POST;/v1/sessions/details
6b8a0847;POST;/v1/sessions/details
aae238ea;GET;/v1/assets/SBER@MISX/
80e08357;GET;/v1/assets/SBER@MISX/
3ca82a95;GET;/v1/accounts/TRQD05:600979
53e222d7;GET;/v1/instruments/MGNT@MISX/trades/latest
3837cf28;GET;/v1/instruments/VTBR@MISX/bars
fe51939f;GET;/v1/instruments/GMKN@MISX/trades/latest
d87af605;GET;/v1/instruments/GMKN@MISX/trades/latest
880f39eb;GET;/v1/instruments/GMKN@MISX/trades/latest
5aee8142;GET;/v1/instruments/GMKN@MISX/trades/latest
f7a8b0ca;GET;/v1/instruments/GMKN@MISX/trades/latest
cf94d5bc;GET;/v1/instruments/GMKN@MISX/trades/latest
bf227d11;GET;/v1/instruments/GMKN@MISX/trades/latest
f467aed4;GET;/v1/instruments/GMKN@MISX/trades/latest
84f6f18d;GET;/v1/instruments/MGNT@MISX/trades/latest
a8ff3dcc;GET;/v1/assets
21ace9a1;GET;/v1/accounts/TRQD05:600979
23a44fcd;GET;/v1/assets
5f1fb5b1;GET;/v1/assets/MGNT@MISX/params
2c3f20f6;GET;/v1/accounts/305/orders
8b4e2b55;GET;/v1/accounts/FIN-203-B
c0bd0eab;GET;/v1/instruments/PHOR@MISX/quotes/latest
17b6e0ea;GET;/v1/assets
1f2d22d4;GET;/v1/instruments/SBER@MISX/trades/latest
82e5b045;GET;/v1/instruments/SBER@MISX/trades/latest
ba66b0e4;GET;/v1/instruments/SBER@MISX/trades/latest
812c7ef9;GET;/v1/instruments/SBER@MISX/trades/latest
c3098930;GET;/v1/assets
2ffcbe12;GET;/v1/accounts/TRQD05:600979/transactions
5e94d76b;GET;/v1/accounts/TRQD05:600979
435d76c2;GET;/v1/assets/UPRO@MISX/params
f52edbe7;GET;/v1/assets
5f143fcd;GET;/v1/assets
1606f5c4;POST;/v1/sessions/details
897d83b7;POST;/v1/sessions/details
7d919a6c;GET;/v1/assets
79704f61;GET;/v1/assets
696b847e;GET;/v1/assets
c552bec9;GET;/v1/accounts/TRQD05:600979/orders/ORDXYZ123
6e79789d;GET;/v1/assets
84af6941;GET;/v1/instruments/AAPL@XNGS/bars
5c130f34;GET;/v1/assets
6529c756;GET;/v1/assets/SBER/options
a8651c81;GET;/v1/accounts/USR-305-C
14cea1ff;GET;/v1/accounts/USR-305-C/orders
ff333ed6;GET;/v1/accounts/USR-305-C/orders
ccbe769a;GET;/v1/accounts/ACC-001-A/trades
19ce57dd;POST;/v1/sessions/details
7b7a8ee6;GET;/v1/assets/BRZ5@RTSX/
821a7b84;GET;/v1/assets/BRZ5@RTSX/
4344d6b6;GET;/v1/instruments/GAZP@MISX/orderbook
a93596ff;GET;/v1/accounts/USR-305-C/orders
31e3f1f3;GET;/v1/assets
922e60f0;GET;/v1/assets
9680fe59;GET;/v1/instruments/USD000UTSTOM@MISX/quotes/latest
0fa2f355;GET;/v1/accounts/USR-305-C/transactions
aed3a66d;GET;/v1/accounts/ACC-001-A
9ef31034;GET;/v1/accounts/ACC-001-A
f0900340;GET;/v1/accounts/ACC-001-A
d5139322;GET;/v1/accounts/USR-305-C
c09ba88a;GET;/v1/accounts/USR-305-C/transactions
59757eac;GET;/v1/accounts/ACC-001-A
11c31380;GET;/v1/exchanges
05a38e46;GET;/v1/assets/PDM5@RTSX/params
c4bdb01d;GET;/v1/instruments/SBER@MISX/orderbook
a1559d9c;POST;/v1/sessions/details
06e7d92b;GET;/v1/assets
2cc144f2;GET;/v1/assets
8b85569f;GET;/v1/assets/SiZ5@RTSX/
efcd0f96;GET;/v1/accounts/ACC-001-A/transactions
1ecb7b73;GET;/v1/accounts/ACC-001-A/transactions
9c96dd7f;GET;/v1/instruments/TSLA@XNGS/bars
d7abce8f;GET;/v1/accounts/TRQD05:600979/transactions
462c7d30;GET;/v1/accounts/TRQD05:600979/orders
299d52e3;GET;/v1/accounts/ACC-001-A
54729ac5;GET;/v1/accounts/ACC-001-A
d45ab0a2;GET;/v1/accounts/ACC-001-A
983f475d;GET;/v1/accounts/ACC-001-A
97836324;GET;/v1/assets/AMZN@NASDAQ/schedule
cf0f39e1;GET;/v1/assets/clock
486d329b;GET;/v1/assets/clock
0d49aa70;GET;/v1/assets/EuZ5@RTSX/schedule
ac52ade8;GET;/v1/instruments/AAPL@XNGS/trades/latest
740a59e1;GET;/v1/instruments/AAPL@XNGS/trades/latest
2fe01a6f;GET;/v1/instruments/PLZL@MISX/orderbook
5cf3d717;GET;/v1/accounts/USR-305-C
50676b02;GET;/v1/assets/MGNT@MISX/
0af7b9ef;GET;/v1/accounts/FIN-203-B
1221ddae;GET;/v1/accounts/ACC-001-A
eb2f6bb2;GET;/v1/accounts/ACC-001-A
b9177d29;GET;/v1/instruments/OZON@MISX/trades/latest
73eee6fb;GET;/v1/accounts/ACC-001-A
457b7cdd;GET;/v1/instruments/RIZ5@RTSX/bars
5de1326d;GET;/v1/accounts/ACC-001-A/transactions
ba0202a0;GET;/v1/instruments/SBER@MISX/trades/latest
9518cfc9;GET;/v1/instruments/SBER@MISX/trades/latest
4918e680;GET;/v1/instruments/SBER@MISX/trades/latest
d99afa29;GET;/v1/instruments/SBER@MISX/trades/latest
5426bfff;GET;/v1/instruments/SBER@MISX/trades/latest
153d1eea;GET;/v1/instruments/SBER@MISX/trades/latest
ccf3bcbc;GET;/v1/instruments/SBER@MISX/trades/latest
fb8825c1;GET;/v1/instruments/SBER@MISX/trades/latest
a96aeb52;GET;/v1/instruments/SBER@MISX/trades/latest
be77bf46;GET;/v1/accounts/TRQD05:600979/orders
a3b79bb9;GET;/v1/accounts/TRQD05:600979
664e51ef;GET;/v1/accounts/TRQD05:600979
87b95769;GET;/v1/accounts/TRQD05:600979/orders/ORD202309
ec79d3e4;GET;/v1/accounts/TRQD05:600979/orders/ORD333111
fffdd432;GET;/v1/assets/NVTK@MISX/params
7ea13b5d;GET;/v1/instruments/LKOH@MISX/bars
2b6ae7d7;GET;/v1/assets
d3cc5e59;GET;/v1/instruments/VTBR@MISX/orderbook
492347c6;GET;/v1/assets/NLMK@MISX/params
0a2c45d9;GET;/v1/instruments/GAZP@MISX/trades/latest
dfb34737;GET;/v1/accounts/TRQD05:600979
2a6d78e0;GET;/v1/accounts/TRQD05:600979/trades
2d531ff8;GET;/v1/accounts/TRQD05:600979/trades
8331bffe;GET;/v1/instruments/LKOH@MISX/trades/latest
8cade85e;GET;/v1/assets/clock
3eb5a95b;GET;/v1/instruments/AFLT@MISX/orderbook
6646a322;GET;/v1/instruments/RIZ5@RTSX/trades/latest
5034cd19;GET;/v1/instruments/RIZ5@RTSX/trades/latest
ac5433ae;GET;/v1/instruments/RIZ5@RTSX/trades/latest
fc996e05;GET;/v1/instruments/RIZ5@RTSX/trades/latest
3b1dbe0f;GET;/v1/instruments/RIZ5@RTSX/trades/latest
c2618ea5;GET;/v1/instruments/RIZ5@RTSX/trades/latest
7d6dec3b;GET;/v1/instruments/RIZ5@RTSX/trades/latest
5445b92c;GET;/v1/instruments/RIZ5@RTSX/trades/latest
c9559e72;GET;/v1/instruments/RIZ5@RTSX/trades/latest
0b841da3;GET;/v1/instruments/RIZ5@RTSX/trades/latest
738e0f3c;GET;/v1/instruments/RIZ5@RTSX/trades/latest
1d224cf9;GET;/v1/instruments/RIZ5@RTSX/trades/latest
f89b8078;GET;/v1/assets/SiZ5@RTSX/schedule
e4bcea43;GET;/v1/assets/SiZ5@RTSX/schedule
236082b9;GET;/v1/assets/SiZ5@RTSX/schedule
420e4c48;GET;/v1/assets/AAPL@XNGS/schedule
7773a05f;GET;/v1/assets/AAPL@XNGS/schedule
3415c89c;GET;/v1/assets/OZON@MISX/
2bfd8e2f;GET;/v1/accounts/TRQD05:600979/trades
6312aebb;GET;/v1/accounts/TRQD05:600979/trades
b659f185;GET;/v1/accounts/TRQD05:600979/trades
e1b1c5f2;POST;/v1/sessions/details
d9e133ed;GET;/v1/assets
20be9427;GET;/v1/accounts/TRQD05:600979/transactions
96d0ca69;GET;/v1/accounts/TRQD05:600979/orders
cfac203a;GET;/v1/accounts/FIN-203-B/trades
d5c4da63;GET;/v1/assets
3e153232;GET;/v1/assets
24d6716a;GET;/v1/assets
d68529a8;GET;/v1/accounts/TRQD05:600979/trades
9bf74989;GET;/v1/accounts/TRQD05:600979/transactions
e529be3a;GET;/v1/accounts/TRQD05:600979/transactions
cdddc7b9;GET;/v1/assets/VKCO@MISX/params
038347e7;GET;/v1/instruments/SBER@MISX/orderbook
93e76bfb;GET;/v1/assets
8f82415a;GET;/v1/instruments/AAPL@XNGS/bars
d2f930bd;GET;/v1/accounts/TRQD05:600979/trades
f7edfb2d;GET;/v1/assets/CBOM@MISX/
9b9184ad;GET;/v1/assets/AFLT@MISX/params
78c2f8ca;POST;/v1/sessions/details
8f4763bd;GET;/v1/assets/POLY@MISX/params
c3825d38;GET;/v1/accounts/TRQD05:600979/orders/ORD789012
678e0118;GET;/v1/instruments/CL@CME/bars
560662a0;GET;/v1/instruments/LKOH@MISX/orderbook
8e1e503d;GET;/v1/instruments/LKOH@MISX/orderbook
35aaca0e;GET;/v1/instruments/RI@RTSX/orderbook
382d6a48;GET;/v1/accounts/8/orders
cd562f14;GET;/v1/accounts/B98765/orders
d9db8e7c;GET;/v1/assets/clock
5b592bfe;GET;/v1/assets/PIKK@MISX/params
dcef2cd6;GET;/v1/assets/PIKK@MISX/params
b4608c1f;GET;/v1/assets/MTSS@MISX/params
001841be;GET;/v1/instruments/LKOH@MISX/bars
e9b61d35;POST;/v1/sessions/details
7710a714;GET;/v1/assets/NVTK@MISX/params
05e3a907;GET;/v1/assets/NVTK@MISX/params
72163924;GET;/v1/accounts/8/orders
691fb74f;POST;/v1/sessions/details
7369cebb;GET;/v1/assets
af8e543f;GET;/v1/instruments/PLZL@MISX/quotes/latest
17947b10;GET;/v1/assets/ROSN@MISX/options
23f44b04;GET;/v1/accounts/45678
a4100f30;GET;/v1/accounts/45678
6092fc9c;GET;/v1/assets/VTBR@MISX/params
62973db2;GET;/v1/instruments/SBER@MISX/quotes/latest
18896f3a;GET;/v1/instruments/AAPL@XNGS/orderbook
58ef899c;GET;/v1/assets/clock
f279b894;GET;/v1/accounts/FIN-203-B
710e0998;POST;/v1/sessions/details
e1ed05ae;GET;/v1/instruments/ALRS@MISX/trades/latest
db1632da;GET;/v1/assets
fcb88b61;GET;/v1/instruments/SBER@MISX/bars
058c7345;GET;/v1/accounts/USR-305-C
7559a0ec;GET;/v1/assets/LKOH@MISX/params
da741d46;GET;/v1/instruments/ROSN@MISX/trades/latest
02e90cc8;GET;/v1/instruments/ROSN@MISX/trades/latest
08112b6f;GET;/v1/accounts/USR-305-C/trades
4506a0be;GET;/v1/assets
d6c87d70;GET;/v1/assets
3baf539a;GET;/v1/accounts/TRQD05:600979/transactions
1a06806c;GET;/v1/instruments/MTSS@MISX/orderbook
c9faa3dd;GET;/v1/assets
3d5dc245;POST;/v1/sessions/details
7e13fc76;GET;/v1/instruments/RTS@FORTS/bars
70fa0402;GET;/v1/accounts/TRQD05:600979/transactions
70e94a3d;GET;/v1/assets/X5RUB@FORTS/params
1b52f2db;GET;/v1/assets
f65a5398;GET;/v1/assets/VTBR@MISX/schedule
35d55ba9;GET;/v1/assets/VTBR@MISX/schedule
7a1ec4da;POST;/v1/sessions/details
95d0d953;GET;/v1/instruments/RIZ5@RTSX/bars
6eee5bdc;GET;/v1/instruments/RIZ5@RTSX/bars
37104a1d;GET;/v1/accounts/TRQD05:600979/orders
166df266;GET;/v1/accounts/TRQD05:600979
d3d0fdf6;GET;/v1/instruments/SBER@MISX/bars
78676206;GET;/v1/instruments/MGNT@MISX/orderbook
2342d1ee;GET;/v1/assets
71fef0c1;GET;/v1/assets
